cell_type_name,responders_mean,responders_median,non_responders_mean,non_responders_median,difference_in_means,p_value,significant
b_cell,9.797452165156091,9.43,9.99622564102564,9.79,-0.1987734758695492,0.05574771201656558,No
cd8_t_cell,24.881762336354484,24.73,24.943979487179483,24.6,-0.06221715082499912,0.639199092320909,No
cd4_t_cell,30.537794561933534,30.22,29.90236923076923,29.66,0.6354253311643028,0.01340653183581808,Yes
nk_cell,14.8409667673716,14.51,15.073035897435897,14.8,-0.2320691300642963,0.1210600059747886,No
monocyte,19.941701913393757,19.61,20.084256410256412,19.94,-0.14255449686265464,0.1635092173658036,No
